Workbook

Sheet Comparisons
A1: Comparison ID | B1: User | C1: Date | D1: Source | E1: Card | F1: Completed (Y/N) | G1: Time to result (sec) | H1: <90s | I1: Identity corrected (Y/N) | J1: Decision changed (Y/Maybe/N) | K1: Most useful lens | L1: Demo/Live | M1: Missing evidence | N1: Notes
A2: C-01 | H2: =IF($F2="Y",IF(AND(ISNUMBER($G2),$G2<=90),1,0),"")
A3: C-02 | H3: =IF($F3="Y",IF(AND(ISNUMBER($G3),$G3<=90),1,0),"")
A4: C-03 | H4: =IF($F4="Y",IF(AND(ISNUMBER($G4),$G4<=90),1,0),"")
A5: C-04 | H5: =IF($F5="Y",IF(AND(ISNUMBER($G5),$G5<=90),1,0),"")
A6: C-05 | H6: =IF($F6="Y",IF(AND(ISNUMBER($G6),$G6<=90),1,0),"")
A7: C-06 | H7: =IF($F7="Y",IF(AND(ISNUMBER($G7),$G7<=90),1,0),"")
A8: C-07 | H8: =IF($F8="Y",IF(AND(ISNUMBER($G8),$G8<=90),1,0),"")
A9: C-08 | H9: =IF($F9="Y",IF(AND(ISNUMBER($G9),$G9<=90),1,0),"")
A10: C-09 | H10: =IF($F10="Y",IF(AND(ISNUMBER($G10),$G10<=90),1,0),"")
A11: C-10 | H11: =IF($F11="Y",IF(AND(ISNUMBER($G11),$G11<=90),1,0),"")
A12: C-11 | H12: =IF($F12="Y",IF(AND(ISNUMBER($G12),$G12<=90),1,0),"")
A13: C-12 | H13: =IF($F13="Y",IF(AND(ISNUMBER($G13),$G13<=90),1,0),"")
... A16: C-15 | H16: =IF($F16="Y",IF(AND(ISNUMBER($G16),$G16<=90),1,0),"")

Sheet Users
A1: User | B1: Recruited from | C1: Bought in last 30d (Y/N) | D1: Returned w/ 2nd listing (Y/N) | E1: Shared / asked saved history (Y/N) | F1: Baseline workflow notes
A2: U1
A3: U2
A4: U3
A5: U4
A6: U5

Sheet Summary
A1: TCGpal — 5-Session Results
A2: Lightweight probe. North star = decision-change rate. Fill the Comparisons & Users tabs; this updates.
A4: DECISION-CHANGE RATE (north star) | B4: =IFERROR(COUNTIF(Comparisons!J2:J16,"Y")/(COUNTIF(Comparisons!F2:F16,"Y")+COUNTIF(Comparisons!F2:F16,"N")),"")
A6: Metric | B6: Value
A7: Comparisons logged | B7: =(COUNTIF(Comparisons!F2:F16,"Y")+COUNTIF(Comparisons!F2:F16,"N")) -> 0
A8: Completed | B8: =COUNTIF(Comparisons!F2:F16,"Y") -> 0
A9: Completion rate | B9: =IFERROR(COUNTIF(Comparisons!F2:F16,"Y")/(COUNTIF(Comparisons!F2:F16,"Y")+COUNTIF(Comparisons!F2:F16,"N")),"")
A10: Decision changed (count) | B10: =COUNTIF(Comparisons!J2:J16,"Y") -> 0
A11: Decision changed incl. Maybe | B11: =COUNTIF(Comparisons!J2:J16,"Y")+COUNTIF(Comparisons!J2:J16,"Maybe") -> 0
A12: Completed under 90s (count) | B12: =SUM(Comparisons!H2:H16) -> 0
A13: Under-90s rate | B13: =IFERROR(SUM(Comparisons!H2:H16)/(COUNTIF(Comparisons!F2:F16,"Y")+COUNTIF(Comparisons!F2:F16,"N")),"")
A14: Identity corrected (count) | B14: =COUNTIF(Comparisons!I2:I16,"Y") -> 0
A15: Identity-correction rate | B15: =IFERROR(COUNTIF(Comparisons!I2:I16,"Y")/(COUNTIF(Comparisons!F2:F16,"Y")+COUNTIF(Comparisons!F2:F16,"N")),"")
A16: Users returned w/ 2nd listing | B16: =COUNTIF(Users!D2:D6,"Y") -> 0
A17: Users shared / asked saved | B17: =COUNTIF(Users!E2:E6,"Y") -> 0
A19: Most-useful lens tally
A20: Cost | B20: =COUNTIF(Comparisons!K2:K16,"Cost") -> 0
A21: Safety | B21: =COUNTIF(Comparisons!K2:K16,"Safety") -> 0
A22: Evidence | B22: =COUNTIF(Comparisons!K2:K16,"Evidence") -> 0
A24: Gate | B24: Result | C24: Target | D24: Pass
A25: Decision changed | B25: =COUNTIF(Comparisons!J2:J16,"Y") -> 0 | C25: ≥ 3 | D25: =IF((COUNTIF(Comparisons!F2:F16,"Y")+COUNTIF(Comparisons!F2:F16,"N"))=0,"",IF(COUNTIF(Comparisons!J2:J16,"Y")>=3,"✓","✗"))
A26: Completed under 90s | B26: =SUM(Comparisons!H2:H16) -> 0 | C26: ≥ 10 | D26: =IF((COUNTIF(Comparisons!F2:F16,"Y")+COUNTIF(Comparisons!F2:F16,"N"))=0,"",IF(SUM(Comparisons!H2:H16)>=10,"✓","✗"))
A27: Identity-correction rate | B27: =IFERROR(COUNTIF(Comparisons!I2:I16,"Y")/(COUNTIF(Comparisons!F2:F16,"Y")+COUNTIF(Comparisons!F2:F16,"N")),"") | C27: < 10% | D27: =IF((COUNTIF(Comparisons!F2:F16,"Y")+COUNTIF(Comparisons!F2:F16,"N"))=0,"",IF(COUNTIF(Comparisons!I2:I16,"Y")/(COUNTIF(Comparisons!F2:F16,"Y")+COUNTIF(Comparisons!F2:F16,"N"))<0.1,"✓","✗"))
A28: Users returned / asked saved | B28: =COUNTIF(Users!D2:D6,"Y")+COUNTIF(Users!E2:E6,"Y") -> 0 | C28: ≥ 2 | D28: =IF((COUNTIF(Users!D2:D6,"Y")+COUNTIF(Users!E2:E6,"Y"))>=2,"✓","")
